D01	bf2aa43d158cfc3f787eb1cd79766142cd02ba5bdb5ce4a0a734657cab772d3b
D02	5782a9b59cfe4061574f0e954e67bf6da25e4a33674477eccfa63bdadd39598e
D03	1708c6d93ceff1fdef2c24e87abbce0c2792a51dc6dd0537121350cf0c2ff704
D04	96bba69e2aab06c19b1890cdd1cccb17758fb57a59de6d7c799c23fb02a32ccf
D05	ebd2205709e5d7fd5a236b36b22fdec8219140746b0002e603b9c8f49b9d5ead
D06	a68b82e36f6ec1592f6e9ec73a8037a1a5c2a5ae65f0c7c160ef981af5681e07
D07	e9fbf085c92bd209590af6a0321c04e5fa1622a20199c73c5b605c8b81580763
D08	c767438c37f4c21702fc8a01cb20268a7c9dc3df4771cfe2e04dec8b4c89d731
D09	df9d4bde02fd13de3b28370fe12fbd790cbfbd19791afc5222d7473cd9be49b2
D10	cecbb4e050b88ae2a884ee28dc08c09cd5c2c0bb89662f5b5cdcada656f352bc
D11	173de3cd74c79b1fd3e5a586f73c5fe70675eddbe56dd968a1d73bb9265802b4
D12	6ef3d6d73f9edf238197db57b6aa5730e9261f5b14ee47bf6308d090979c74bd
D13	659f64c5a7c412738461d587afd2453e7d22233e0685330ba1daef8305d6d2bb
D14	571b5a3dafdcf8876cbd390882f5d4ddd287cf96fc7d9d803fae8a33a8a1705d
D15	e7155b5d3078719011906ebdc852c10673ee7e3bd39551b5525cb4ae5bedebe1
D16	ad86a3e2eb90ae0cf723aee8256c907f9253b084ec62440977bf35a24f1552e7
D17	3ea312f3fc97bf9c7c483566c7d6a9937ee267f03f4eaef80f23d33930a53b18
D20	0569ca076ef18a8ece35bd7fc7acbeabfabea51cb0c95a30422a32a141bb0559
D21	60ea7a754579f9964e3e8d54d6e7f2b5170cd5a65654fe49124c903817293e74
D22	c5e30f9a5caa7e33caeb6f3b193e7831c4341452a3f5c4fc611fe2f3e573196e
D23	bbb7e41a2b8a234e76e9cad94585011b1c2beaacaf48338df31bbb08495d3740
D24	d8b6e1d9e9f6a147b78348e2796379c4758069edd7e8ebb4ac0d9e0a0aec9206
D25	3929228215536058e8527f27afb442352416994f98e6d830aca0de7003f954a6
D26	a375dc878c67829b5387f8b56122f8e548886838091519e2f16abdfff829f4b1
D27	7c026fb531ab2dd8685ddc4bd29fe704f36b5b958af44f142f2405130e1fc1f4
D28	2b1565d3708b4b7c53c888e2d6039dea87f6187d397cc91b65d7ae3eaca338c6
D30	b5b71f30bfbcfd876807d0c20fdf7306263737fe56bf8d3d021fcf7a564d7fb3
D31	c1885cdc8f29d8962a9fee5e6d7ec05877a54d4c4472a3266b280b53915631d0
D32	6342005b51634a1beaba2c3d5c71b7af59c5b407a2ece04a0b5f6dd942c1170e
D33	ec5ed08d704f0e28cda8c4026ffea87b66867095e4445ef205cfd07098bd332b
D34	fd5ef0033bbf30dadeedab5c860b3b6467775ab8031221bd98ebe26c727afb00
D35	0eda7bbe66be7db159dd0ec8b8798eeb31f7352a8795e62ad89da81347d6d8e5
D36	6b78bdc154f7b8b2037c53848072be6bbba31201c4ecff32a7ac294af46aba3b
D37	eb91bfa8dfd8687cfd715c431463b892fee9e1e7b711f3eedb148853605b3110
D40	e010381ead90be326a97858c5ae8bdb85e4f3183d643974d45fa23350a9be6e1
D41	e85ad44e5f4923cb9e6dfe397a6e874372d46137a61c334c216dc8a2d3f3e3af
D50	f16bd5ab79088c4582741a479764a184b37e5082060890f1d57eabe19e3a5417
D51	023928c28c3de1f39c94a46f9315e71fa1a25fcd5b0a0221865b888b82bed9f6
D52	5296b0108c05a9208a60aa0459ac152f23d6359c746e19bb88d0e8ec9e8abe1d
D60	d05aa5f8c24483bc278ef15ab10c3684ecc11406f9358a182d90ce3b6d73d80a
D61	eeb4cd6707c5df8547d651ad6dc3406a803979969a7f12f2c62dcf1572c60904
D62	cdaed8b7aa49dddb1a23a38638a1f57ae54f7feb5cc76f82ccef513b164408f6
D63	e2f7ec1f114987baf53d2c2fdedb836d6c5675cf74441174df23c910f9e44238
D64	d80751392a609b884876b931d8371e53b4f8aeeaf1720dc73186916e066885de
D65	b900175a8f0b9d36e62db8c7540dc0c0f9383b35062f0e86c4e89deb390a911c
D66	07c86280a91c7eaa31db69b89b8bdf4a0cbdf38a1c1b09f92d487edb6b44642a
D67	b35b34a41cdd37a7b2589a962e2be6ba2db6ff1c1aeb54f933d8beb5359333a7
D68	ac18dee92e12db4c96e69bd42e5aa9f1dfe734c13ba6180f2ffc00e298f42f5a
D69	a966b8a06a0eb45102c7e200538ad60568f3bee1eb21df96f57784182438f556
D70	ab67709d294d6bb700da5db65b8d1dff7292137f3a3db6fb2770422691e896c4
D71	6fd3d9e1ae0f8ca4b91787b3ce23d2b5f8831d0341f109d66584631ab5307392
D72	fb20caf336d72a40605c7ef9d236e9a7b19698cb29e26181fc70f8bad7033b30
D73	6b3a966d053107a0b7528ba59b8220888c68ea8235e05f940f96f64c86d19606
D74	e8a330ae684df3fc607165ba88d41508f12ab969270804c4da9260a705cddd1e
D75	581e221135c4772ba9d56e0c480d5d6563377780dee89d1881c62935738fb770
D76	f0e5e7236c727e26aff8963b9a994cbde73cb0f23c1c7d24d2f504b559e0ec27
D77	6ead20ecd45742d98affb608e536a806c81d4ded969159c8037b3572654e21b3
D78	dcd7f4b05db4ae2e9b6b2870bd6d03f0355af8bbbee0cfb4822a5cce13a01b96
D79	46c4de0f4bc932be5ccaa86d0987f55619744b1a3201aff9b3736f270a405a31
D80	f6926ad27a1f90c0a37515d989f7cab358649b5b6cfcdf671722490505096f4e
D81	9d9348ba6c57c98b80756b6e7bd922b5dcc7732324c79755d59e5875cbf64dc7
D82	f076135b527dfb92885c3bc86f36cdb3d294240a3f75399df8e4e2d4c19a8d61
D83	4dd64768c94db750814dc3b979ef69cd5e31a6586e5baf85ca8bbbbed70d8211
D84	e104923b4fccf636a2f7c18702378511ec08d6f45c525d93e91cac8e0fde3276
D85	b16cbbe1c7def6aeea613e03cbc01f732304c9640f8dd5ceb632966946a0dbdb
D86	15b95dbc852973257c7d6e5d40a0c212706c182c603f7a49f9aab47077efe855
D87	8cf6655b32d678b0f4c2189fc833f5f2b2bd2d0c41f89d88923eef1e73997bce
D88	5c0dcb025badd517611fb09f35590ef1099ca6bceaa8956b7c9b56a5a728e098
D89	07f9805cb5bc95b26ef761cb019e5faa77c602e9a023be720720cb2f323bed94
D90	2e8840475e936c6eba84bef9e18aa95bf84e277945d0f332b01b1291aa649b85
D91	3f0c815b4ed5bc38cf9abcccf90e3f6588a06b7c74cb9a918689720e3e7cfae2
D92	dc645a8a46600070749466c1b29a9a648e3728326f472cd0ec2869a78053bae0
D93	7acf57608481edfa50b3ace22aa245d29861c1c4cc8762c9a6b1328c44a1a083
D94	4a90889bf93b9b7430fe0e9278fa2a920cabb89b5246d31b2f20b427e700ba76
D95	cb3c0eda28ed584cfc06b3c03204caf514414db1cd3a1a295af0780ec3fe8c0a
D96	e5e2a15294f5e99a433250a5d27583daadb7bef90a8b68fdc843d173cde37469
D97	da014329bf1dba337acdb46ff84639166e689f2946884f1689e4ca7eaa695c9d
D98	bee7f3002a445a83bfdcfd026ada2f93514a752d51a8154bf0eceb58adcd0a81
D99	1b9377a9f200d88e6d60eeddcc8d1fda361a84eb190f50104e120211c306c6b3
D100	d6472e0961cf12b4bf0f1ffdb79207314a74e8e6ae4ea5d251b1f9edb1f9890a
D101	114eacb0d5ac98ecc6c7bc991aa431abf4336ea08bae030171d6e66b59ad91e9
D102	74193eec9515288ba7020a00bee368bb983412b9ce012a8469a948dbaff05867
D103	486deb6d6d502fddfb7fcc0b620059bd9e603de220231f8e0dce2e7df4341468
D104	eafd45a66551f60ae980b4fb715d56e9e136b84ec09ab9b3fd21ed6ba6a94fc4
D105	0f84de5a406a5f992fb300cf0dc8da3174429d945d246d7db8a07eb16e3c24c2
D106	714418e26540fc7d17ffefc71209a1665f337b72b4ac9d1240ea9e71f23aa07a
D107	c84a3e3fed354a540342017c58c5198d5deb34ffc9b8cee45f70939fafbdb6ba
D108	a3723a8871df47ab17e1f4a86650159ae38f6ee2c8642fcf40e5e2d5b2c9d475
D109	19bd43049cd1b0ea601db0be0a62d227fd6c6862a15b8d27fee91073980f1e6c
D110	51689c11859bbc0db92dd5e095542059243054bd8b93d1d80b68f0d2b78716ac
D111	153addbccc315c7680d0615a8a7156b725cfcd1e3a858e0ebbbc6b0c719f0ea1
D112	bf33e0162a764a9557348b0b3db3efd40b1ca359987e6ff2f6cc9983dfaab6f4
D113	f0c47ac98aa4f7c8007db21b8758db0387a282ecdeb4658b9cff3300460b4926
D114	275d457259b25ac32c794a01ce59163cf80710f60becec38e3c30b1991af9895
D115	8d6f215d60662eaefd5fe616feecc4a3aeb81f3864f295087a97b8574afd4018
D116	821a99445c0f6f4c622c8fa4070ef414a7db41dba2131bab0cf06a0d376fc9ca
D117	7b38b5ea7997eee79ba5d3ed9aaa9d47c2d72342097a4ba83f886e8c686530d0
D118	f1b691d88da044ab40cc02fb0964c12ce67482f63ac60e74e9850c1ce85fa148
D119	9f178751bc57c56c3e3f0a4f2f3ba0a0f9a7e56870e59db57050b9a6dbdfea04
D120	26cc8f86162671bfd7a3cc8d212a787dd19dbf15bb7a47a592928e353da9db1c
D121	0a67850c2dfa137c7c3bb9d2a5e0e578ad27b492916f53c701a388e875812067
D122	83d153a40e45f1f71be018dce0a0194035a88c99f5189046d87fb7e55220a595
D123	ef1996aff423c5375adcbaef071b9c470c588736baa69745820dc0e188cb5404
D124	1e085718f434d0c95b677f8bc31104691b11b0a551c2325dd361ca3dd2414510
D125	97cb87b6c4ce89b8f5bffe4e71a8ab38b45d59d6912c52fb06f5439f57c11dd3
D126	dc4aaa8c5e2606e33b886d76923a027820c2ce7d3890f4f1220b096075881832
D127	a6f454b568accf966f612a09b079cb02b104314c727222b221c4d248380b1209
D128	5718739097b3a487c03f492284df3c1df852658bd94a9c0a9e01d544e7dce490
D129	82e9e0730b08f9dbc489503c124c000b9b617234712cecd43bbe8e0c1f9cdcd8
D130	40bd0d038b507d66e729d8f758c0265344aeeef55bd60900eda37f1fbcd2a254
D131	e869c859890ec3742c423a515ba27bdd2af1a37d52eee2ed12aa388d4d34e0ee
D132	be03ce1c6e13bc31ba8df1be6b0a51ba65c8460643773e3690ad600b57fe2f48
D133	87572f194dbd75c44091b62520f5b9e011c6100c4e63a14fd8fb88f06fbf5fa8
D134	7679a4cff5a6769d0fd01a207a02700c4076b217511dbec046e36c99d9f46d74
D135	0906e708e847581745c56b3f7af115092420ff50d5f4b64139a476eb990a6305
D136	da501912c32d4253cbbc5b9072567b8f08b9c7890f7177ea0d67e3131a768303
D137	49ae695766bcac1840c73b4d822b4ea66704938ffd55ab9c39bf2fe951056bc1
D138	1efd4e429cced0c85834b717177d08378b4346c291fce1783ebcd11b44ce9e7f
D139	6b5808dcf47b66c6d5b6dc0fc4a33bfd49b0f1be5e9ebc737716da45def87f7b
D140	6b16b8bc68e2ffac86a0e23e5c5851669642bc69094203b95578f39385f457ca
D141	d6a522179f558205e1115ec88f8b2647f401ed9fee37fea5419bee5aa989223b
D142	65e1feb88f0ac14f7736b91c50faf511497d73f4cb802dc3a53d843ef934ddfd
D143	872e0db575750b0a5a663161906ecb50bb29a8d4a559533db58cf18f03f5b218
D144	bf946b25358fe6d6948468fe1310f34b4706b74c9d8df80fab5e178c2de400d7
D145	dde50f9f18d8f9449af4dcb68b20ae38da0d88d73661b8573b686e423e254f00
D146	75ae0cedd478f4e4a445ffa42fbbede57ce98e8f0762c2b285847dd4605155e3
D147	0f00f1c0737f014aa409e560eaf58a12f1af8c3b76e1c95599a9c69c99dd815d
D148	135c997c447b95279502ba48ad46915ab82d7ea13e4356fd9aa8353c83e9e6ea
D149	68cef9e9bffe6ed2d7519fa49466294327916ab9b84f5d17282f29c6e82740ab
D150	922933cc3e59429e88668670c8caaff4b7ee3ba47d9aa35533f7cfbfe2a7b680
D151	837bb4befc538747ea10f229f3e5a1a2b873af8dc630db53e2bccfaa4b94b713
D152	94d30ff68b3e2f175b8519ecf1e55cbdeeafa82f69f4da3b427a015113f56270
D153	78ce8c4de37cef827dd0dbd4758114d7c2fe5d0a0debbaacca4ebe94353babb0
D154	0a35b8d61d6bec62c3844bbef02d0bda6a0f22875481561555b7b6a54d517757
D155	21555384b39690eb16d4202930977f07032080c4f6efc52a959327581de9ff91
D156	c5084df0b1e118583971f165ab6b3798caa05d3862c91599312d2b03cee06933
D157	90fc664c15778f4aa203b2017e6af2803f72070af464add7b62a09befd0d3ca7
D158	dca4734db2ccfd164ec1af55bea43306b5aeaf20ed4ea5258d5c24437053b41b
D159	8bb5cdb4ffd30060ba90bced5f2d35b86231509fb875add17abd40043e9d11eb
D160	81bbbf5208a8e7d0e99bc8f1152f2a4ea1dfaa9912d9552041d6890e9d49fcc6
D161	8f075b2c42d76063d191b31f8acd1a2bf7ebe183d973490fd4518a96ae4605bd
D162	7bca0f560963d18e937d08bf5596d14efaffd67e74199b576d7143d053a21bb1
D163	485fec5f530cadc6ce99508a0bb942855a88622164c81937611616f85ffe6b42
D164	de6763ffa06c267f164387eb5cf9b198e78460f0abc3291a0c5d8b3c0873f8c6
D165	11bf8c2cbcb3007fb1d69f3dd82c5b551e930a254c34b7248574c6eff1d790dc
D166	de19c725b03a81d0f879c2fa5050dbca65ade146d893feba42b85a890c92cdea
D167	c86a420ce86d0157017c4d7fab228056be62c0b3af8ba674ba5c3a3727488b98
D168	ad293eb0486116c175232067ca61a74386a50c1241c1045fe153579e24ba7253
D169	b0d17d457a873660ca185d06b36ee682e4606cca0082bd2e6c4b452d9072ce98
D170	092c652d9179dacd04e25948ee2c0b6fbbbb53379ec6190708ec14c6e67d88fc
D171	ca86c6513e68c958ffb99f9179a994e08893a252e38e2000e0e86ff935c62695
D172	85baca25180912bac693fd801fe23a390dda9fe6740723fbcafc48aafb98df39
D173	e7bd3608ed4ae18bae08579e60153d1712e545af2663f14269eaaf612363de5a
D174	03120f808e0adf3d4821fb68198071bf47c72bb73f2dfad564d7c3a5c4ebb0bd
D175	f09244bb8d4ea910865c315abb66d9fc0495d7be08ffac1777b82933fa56129b
D176	12c2860ef355b6f5e1d385e6d69d81827ede828b2e6dfcebfa563ac8dbd5d8bb
D177	5d6984fd272098b71fb332bd347534b191bd2eb07ce615345c75fbd93232cd1b
D178	5fa3e0ad7ce65316e288dc199b7db5ed7302699ea627367ac89563d2a887dd8d
D179	af3a62e5ca7b03a514c612e13caf6ac5b3a8d2a095cdf5a50f38620caf75816d
D180	76ad9a593cbc73a482dfdce48014951b0eabb83dc6dc37dbf03c660f125d5fc3
D181	bc8b41845bc604d5877a2ed439df2e307935d7f54e973177a48e69d6ab92eaf3
D182	d96430cd15ca5ac8718cd1a065ea3cde773d666d337d8412f7aa479b81845acf
D183	01edad353a8e9485b27f0e5806893eacadbfa3d651af5339148567bb8531828d
